ListSchema={"schemaXmlList":["<Field ID=\"{fa564e0f-0c70-4ab9-b863-0177e6ddd247}\" Type=\"Text\" Name=\"Title\" DisplayName=\"Title\" Required=\"FALSE\" SourceID=\"http://schemas.microsoft.com/sharepoint/v3\" StaticName=\"Title\" FromBaseType=\"TRUE\" MaxLength=\"255\" />","<Field DisplayName=\"DeliveryListKey\" Format=\"Dropdown\" IsModern=\"TRUE\" MaxLength=\"255\" Name=\"DeliveryListKey\" Title=\"DeliveryListKey\" Type=\"Text\" ID=\"{01a83fb0-2fde-44e7-8905-e25465646fc8}\" StaticName=\"DeliveryListKey\" Indexed=\"TRUE\" />","<Field ClientSideComponentId=\"00000000-0000-0000-0000-000000000000\" DisplayName=\"RequestType\" FillInChoice=\"FALSE\" Format=\"Dropdown\" Name=\"RequestType\" Title=\"RequestType\" Type=\"Choice\" ID=\"{d1055b93-c92a-4373-bd6a-3ca61c0b2a27}\" StaticName=\"RequestType\"><CHOICES><CHOICE>BARCODE</CHOICE><CHOICE>MANUAL</CHOICE><CHOICE>COMMENT</CHOICE><CHOICE>SNAPSHOT</CHOICE></CHOICES></Field>","<Field DisplayName=\"Barcode\" Format=\"Dropdown\" IsModern=\"TRUE\" MaxLength=\"255\" Name=\"Barcode\" Title=\"Barcode\" Type=\"Text\" ID=\"{8ebe2d5d-102c-4133-bd89-6f6dcc393dd5}\" StaticName=\"Barcode\" />","<Field CustomFormatter=\"{&quot;elmType&quot;:&quot;div&quot;,&quot;style&quot;:{&quot;flex-wrap&quot;:&quot;wrap&quot;,&quot;display&quot;:&quot;flex&quot;},&quot;children&quot;:[{&quot;elmType&quot;:&quot;div&quot;,&quot;style&quot;:{&quot;box-sizing&quot;:&quot;border-box&quot;,&quot;padding&quot;:&quot;4px 8px 5px 8px&quot;,&quot;overflow&quot;:&quot;hidden&quot;,&quot;text-overflow&quot;:&quot;ellipsis&quot;,&quot;display&quot;:&quot;flex&quot;,&quot;border-radius&quot;:&quot;16px&quot;,&quot;height&quot;:&quot;24px&quot;,&quot;align-items&quot;:&quot;center&quot;,&quot;white-space&quot;:&quot;nowrap&quot;,&quot;margin&quot;:&quot;4px 4px 4px 4px&quot;},&quot;attributes&quot;:{&quot;class&quot;:{&quot;operator&quot;:&quot;:&quot;,&quot;operands&quot;:[{&quot;operator&quot;:&quot;==&quot;,&quot;operands&quot;:[&quot;@currentField&quot;,&quot;STAGING&quot;]},&quot;sp-css-backgroundColor-BgCornflowerBlue sp-field-fontSizeSmall sp-css-color-CornflowerBlueFont sp-css-color-CornflowerBlueFont&quot;,{&quot;operator&quot;:&quot;:&quot;,&quot;operands&quot;:[{&quot;operator&quot;:&quot;==&quot;,&quot;operands&quot;:[&quot;@currentField&quot;,&quot;SEND&quot;]},&quot;sp-css-backgroundColor-BgMintGreen sp-field-fontSizeSmall sp-css-color-MintGreenFont sp-css-color-MintGreenFont&quot;,{&quot;operator&quot;:&quot;:&quot;,&quot;operands&quot;:[{&quot;operator&quot;:&quot;==&quot;,&quot;operands&quot;:[&quot;@currentField&quot;,&quot;RECV&quot;]},&quot;sp-css-backgroundColor-BgGold sp-field-fontSizeSmall sp-css-color-GoldFont sp-css-color-GoldFont&quot;,{&quot;operator&quot;:&quot;:&quot;,&quot;operands&quot;:[{&quot;operator&quot;:&quot;==&quot;,&quot;operands&quot;:[&quot;@currentField&quot;,&quot;&quot;]},&quot;&quot;,&quot;sp-field-borderAllRegular sp-field-borderAllSolid sp-css-borderColor-neutralSecondary&quot;]}]}]}]}},&quot;children&quot;:[{&quot;elmType&quot;:&quot;span&quot;,&quot;style&quot;:{&quot;overflow&quot;:&quot;hidden&quot;,&quot;text-overflow&quot;:&quot;ellipsis&quot;,&quot;padding&quot;:&quot;0 3px&quot;},&quot;txtContent&quot;:&quot;@currentField&quot;,&quot;attributes&quot;:{&quot;class&quot;:{&quot;operator&quot;:&quot;:&quot;,&quot;operands&quot;:[{&quot;operator&quot;:&quot;==&quot;,&quot;operands&quot;:[&quot;@currentField&quot;,&quot;STAGING&quot;]},&quot;sp-field-fontSizeSmall sp-css-color-CornflowerBlueFont&quot;,{&quot;operator&quot;:&quot;:&quot;,&quot;operands&quot;:[{&quot;operator&quot;:&quot;==&quot;,&quot;operands&quot;:[&quot;@currentField&quot;,&quot;SEND&quot;]},&quot;sp-field-fontSizeSmall sp-css-color-MintGreenFont&quot;,{&quot;operator&quot;:&quot;:&quot;,&quot;operands&quot;:[{&quot;operator&quot;:&quot;==&quot;,&quot;operands&quot;:[&quot;@currentField&quot;,&quot;RECV&quot;]},&quot;sp-field-fontSizeSmall sp-css-color-GoldFont&quot;,{&quot;operator&quot;:&quot;:&quot;,&quot;operands&quot;:[{&quot;operator&quot;:&quot;==&quot;,&quot;operands&quot;:[&quot;@currentField&quot;,&quot;&quot;]},&quot;&quot;,&quot;&quot;]}]}]}]}}}]}],&quot;templateId&quot;:&quot;BgColorChoicePill&quot;}\" DisplayName=\"Mode\" FillInChoice=\"FALSE\" Format=\"Dropdown\" IsModern=\"TRUE\" Name=\"Mode\" Title=\"Mode\" Type=\"Choice\" ID=\"{2da75ef4-36a1-42bd-a1c3-634df76da56c}\" StaticName=\"Mode\"><CHOICES><CHOICE>STAGING</CHOICE><CHOICE>SEND</CHOICE><CHOICE>RECV</CHOICE></CHOICES></Field>","<Field CommaSeparator=\"TRUE\" CustomUnitOnRight=\"TRUE\" Decimals=\"0\" DisplayName=\"OrderNumber\" Format=\"Dropdown\" IsModern=\"TRUE\" Name=\"OrderNumber\" Percentage=\"FALSE\" Title=\"OrderNumber\" Type=\"Number\" Unit=\"None\" ID=\"{9e41bfb9-3e59-4880-987f-94b4500a4318}\" StaticName=\"OrderNumber\" />","<Field CommaSeparator=\"TRUE\" CustomUnitOnRight=\"TRUE\" Decimals=\"0\" DisplayName=\"ItemNumber\" Format=\"Dropdown\" IsModern=\"TRUE\" Name=\"ItemNumber\" Percentage=\"FALSE\" Title=\"ItemNumber\" Type=\"Number\" Unit=\"None\" ID=\"{1cf6f41a-a46a-4093-b5da-5daba3f1b82b}\" StaticName=\"ItemNumber\" />","<Field CommaSeparator=\"TRUE\" CustomUnitOnRight=\"TRUE\" Decimals=\"0\" DisplayName=\"Quantity\" Format=\"Dropdown\" IsModern=\"TRUE\" Name=\"Quantity\" Percentage=\"FALSE\" Title=\"Quantity\" Type=\"Number\" Unit=\"None\" ID=\"{8dc9f94e-f9ea-4b43-8c6d-8465cbb5e690}\" StaticName=\"Quantity\" />","<Field DisplayName=\"TargetSheet\" Format=\"Dropdown\" IsModern=\"TRUE\" MaxLength=\"255\" Name=\"TargetSheet\" Title=\"TargetSheet\" Type=\"Text\" ID=\"{943b2a01-c06e-4ae2-8eca-8c7d6d4ab359}\" StaticName=\"TargetSheet\" />","<Field DisplayName=\"StationName\" Format=\"Dropdown\" IsModern=\"TRUE\" MaxLength=\"255\" Name=\"StationName\" Title=\"StationName\" Type=\"Text\" ID=\"{b000cc16-5892-4519-a676-350d0dc598ab}\" StaticName=\"StationName\" />","<Field DisplayName=\"QueuedAt\" FriendlyDisplayFormat=\"Disabled\" Format=\"DateTime\" IsModern=\"TRUE\" Name=\"QueuedAt\" Title=\"QueuedAt\" Type=\"DateTime\" ID=\"{69782caa-47ac-4afb-80ae-36c96d7bfe1c}\" StaticName=\"QueuedAt\" Indexed=\"TRUE\" />","<Field CustomFormatter=\"{&quot;elmType&quot;:&quot;div&quot;,&quot;style&quot;:{&quot;flex-wrap&quot;:&quot;wrap&quot;,&quot;display&quot;:&quot;flex&quot;},&quot;children&quot;:[{&quot;elmType&quot;:&quot;div&quot;,&quot;style&quot;:{&quot;box-sizing&quot;:&quot;border-box&quot;,&quot;padding&quot;:&quot;4px 8px 5px 8px&quot;,&quot;overflow&quot;:&quot;hidden&quot;,&quot;text-overflow&quot;:&quot;ellipsis&quot;,&quot;display&quot;:&quot;flex&quot;,&quot;border-radius&quot;:&quot;16px&quot;,&quot;height&quot;:&quot;24px&quot;,&quot;align-items&quot;:&quot;center&quot;,&quot;white-space&quot;:&quot;nowrap&quot;,&quot;margin&quot;:&quot;4px 4px 4px 4px&quot;},&quot;attributes&quot;:{&quot;class&quot;:{&quot;operator&quot;:&quot;:&quot;,&quot;operands&quot;:[{&quot;operator&quot;:&quot;==&quot;,&quot;operands&quot;:[&quot;@currentField&quot;,&quot;Queued&quot;]},&quot;sp-css-backgroundColor-BgCornflowerBlue sp-field-fontSizeSmall sp-css-color-CornflowerBlueFont sp-css-color-CornflowerBlueFont&quot;,{&quot;operator&quot;:&quot;:&quot;,&quot;operands&quot;:[{&quot;operator&quot;:&quot;==&quot;,&quot;operands&quot;:[&quot;@currentField&quot;,&quot;Processing&quot;]},&quot;sp-css-backgroundColor-BgMintGreen sp-field-fontSizeSmall sp-css-color-MintGreenFont sp-css-color-MintGreenFont&quot;,{&quot;operator&quot;:&quot;:&quot;,&quot;operands&quot;:[{&quot;operator&quot;:&quot;==&quot;,&quot;operands&quot;:[&quot;@currentField&quot;,&quot;Done&quot;]},&quot;sp-css-backgroundColor-BgGold sp-field-fontSizeSmall sp-css-color-GoldFont sp-css-color-GoldFont&quot;,{&quot;operator&quot;:&quot;:&quot;,&quot;operands&quot;:[{&quot;operator&quot;:&quot;==&quot;,&quot;operands&quot;:[&quot;@currentField&quot;,&quot;&quot;]},&quot;&quot;,{&quot;operator&quot;:&quot;:&quot;,&quot;operands&quot;:[{&quot;operator&quot;:&quot;==&quot;,&quot;operands&quot;:[&quot;@currentField&quot;,&quot;Error&quot;]},&quot;sp-css-backgroundColor-BgCoral sp-field-fontSizeSmall sp-css-color-CoralFont sp-css-color-CoralFont&quot;,&quot;sp-field-borderAllRegular sp-field-borderAllSolid sp-css-borderColor-neutralSecondary&quot;]}]}]}]}]}},&quot;children&quot;:[{&quot;elmType&quot;:&quot;span&quot;,&quot;style&quot;:{&quot;overflow&quot;:&quot;hidden&quot;,&quot;text-overflow&quot;:&quot;ellipsis&quot;,&quot;padding&quot;:&quot;0 3px&quot;},&quot;txtContent&quot;:&quot;@currentField&quot;,&quot;attributes&quot;:{&quot;class&quot;:{&quot;operator&quot;:&quot;:&quot;,&quot;operands&quot;:[{&quot;operator&quot;:&quot;==&quot;,&quot;operands&quot;:[&quot;@currentField&quot;,&quot;Queued&quot;]},&quot;sp-field-fontSizeSmall sp-css-color-CornflowerBlueFont&quot;,{&quot;operator&quot;:&quot;:&quot;,&quot;operands&quot;:[{&quot;operator&quot;:&quot;==&quot;,&quot;operands&quot;:[&quot;@currentField&quot;,&quot;Processing&quot;]},&quot;sp-field-fontSizeSmall sp-css-color-MintGreenFont&quot;,{&quot;operator&quot;:&quot;:&quot;,&quot;operands&quot;:[{&quot;operator&quot;:&quot;==&quot;,&quot;operands&quot;:[&quot;@currentField&quot;,&quot;Done&quot;]},&quot;sp-field-fontSizeSmall sp-css-color-GoldFont&quot;,{&quot;operator&quot;:&quot;:&quot;,&quot;operands&quot;:[{&quot;operator&quot;:&quot;==&quot;,&quot;operands&quot;:[&quot;@currentField&quot;,&quot;&quot;]},&quot;&quot;,{&quot;operator&quot;:&quot;:&quot;,&quot;operands&quot;:[{&quot;operator&quot;:&quot;==&quot;,&quot;operands&quot;:[&quot;@currentField&quot;,&quot;Error&quot;]},&quot;sp-field-fontSizeSmall sp-css-color-CoralFont&quot;,&quot;&quot;]}]}]}]}]}}}]}],&quot;templateId&quot;:&quot;BgColorChoicePill&quot;}\" DisplayName=\"Status\" FillInChoice=\"FALSE\" Format=\"Dropdown\" IsModern=\"TRUE\" Name=\"Status\" Title=\"Status\" Type=\"Choice\" ID=\"{11f88507-1f1c-44fb-a5d1-1b0a76124c20}\" StaticName=\"Status\" Indexed=\"TRUE\"><CHOICES><CHOICE>Queued</CHOICE><CHOICE>Processing</CHOICE><CHOICE>Done</CHOICE><CHOICE>Error</CHOICE></CHOICES><Default>Queued</Default></Field>","<Field DisplayName=\"ProcessedAt\" FriendlyDisplayFormat=\"Disabled\" Format=\"DateTime\" IsModern=\"TRUE\" Name=\"ProcessedAt\" Title=\"ProcessedAt\" Type=\"DateTime\" ID=\"{ddb689bf-60ff-4a25-8e00-5d9b285ebda6}\" StaticName=\"ProcessedAt\" Indexed=\"TRUE\" />","<Field DisplayName=\"ResultCode\" Format=\"Dropdown\" IsModern=\"TRUE\" MaxLength=\"255\" Name=\"ResultCode\" Title=\"ResultCode\" Type=\"Text\" ID=\"{f1cd10b2-3965-41cf-814f-d5ad87b446a4}\" StaticName=\"ResultCode\" Indexed=\"TRUE\" />","<Field AppendOnly=\"FALSE\" DisplayName=\"ResultMessage\" Format=\"Dropdown\" IsModern=\"TRUE\" IsolateStyles=\"FALSE\" Name=\"ResultMessage\" RichText=\"FALSE\" RichTextMode=\"Compatible\" Title=\"ResultMessage\" Type=\"Note\" ID=\"{4fe212d3-1ff5-47e6-bcfe-4c261e5780ee}\" StaticName=\"ResultMessage\" />","<Field AppendOnly=\"FALSE\" DisplayName=\"RequestComment\" Format=\"Dropdown\" IsModern=\"TRUE\" IsolateStyles=\"FALSE\" Name=\"RequestComment\" RichText=\"FALSE\" RichTextMode=\"Compatible\" Title=\"RequestComment\" Type=\"Note\" ID=\"{c4096554-c2d5-4734-9652-942a7a604490}\" StaticName=\"RequestComment\" />","<Field ID=\"{82642ec8-ef9b-478f-acf9-31f7d45fbc31}\" ReadOnly=\"TRUE\" Type=\"Computed\" Name=\"LinkTitle\" DisplayName=\"RequestId\" DisplayNameSrcField=\"Title\" ClassInfo=\"Menu\" AuthoringInfo=\"(linked to item with edit menu)\" ListItemMenuAllowed=\"Required\" LinkToItemAllowed=\"Prohibited\" SourceID=\"http://schemas.microsoft.com/sharepoint/v3\" StaticName=\"LinkTitle\" FromBaseType=\"TRUE\"><FieldRefs><FieldRef Name=\"Title\" /><FieldRef Name=\"LinkTitleNoMenu\" /><FieldRef Name=\"_EditMenuTableStart2\" /><FieldRef Name=\"_EditMenuTableEnd\" /></FieldRefs><DisplayPattern><FieldSwitch><Expr><GetVar Name=\"FreeForm\" /></Expr><Case Value=\"TRUE\"><Field Name=\"LinkTitleNoMenu\" /></Case><Default><HTML><![CDATA[<div class=\"ms-vb itx\" onmouseover=\"OnItem(this)\" CTXName=\"ctx]]></HTML><Field Name=\"_EditMenuTableStart2\" /><HTML><![CDATA[\">]]></HTML><Field Name=\"LinkTitleNoMenu\" /><HTML><![CDATA[</div>]]></HTML><HTML><![CDATA[<div class=\"s4-ctx\" onmouseover=\"OnChildItem(this.parentNode); return false;\">]]></HTML><HTML><![CDATA[<span>&nbsp;</span>]]></HTML><HTML><![CDATA[<a onfocus=\"OnChildItem(this.parentNode.parentNode); return false;\" onclick=\"PopMenuFromChevron(event); return false;\" href=\"javascript:;\" title=\"Open Menu\"></a>]]></HTML><HTML><![CDATA[<span>&nbsp;</span>]]></HTML><HTML><![CDATA[</div>]]></HTML></Default></FieldSwitch></DisplayPattern></Field>"]}
"RequestId","DeliveryListKey","RequestType","Barcode","Mode","OrderNumber","ItemNumber","Quantity","TargetSheet","StationName","QueuedAt","Status","ProcessedAt","ResultCode","ResultMessage","RequestComment"
"20260522_124131_45691223_Staging_Airport_Rd_AirportRd_Heavy_Staging(NEW)_xlsm_CKCFXB4_754538","DL_2026_05_28","BARCODE","T200234016001000","STAGING","234,016","1","1","Staging - Airport Rd","Staging - Airport Rd","2026-05-22T16:41:35Z","Done","2026-05-26T11:31:43Z","OK","OK",
"20260526_092902_34142523_Outbound_Airport_Rd_Intake_Scanning_Test_(version_1)_xl_JP54GX3_758037","DL_2026_04_01","BARCODE","T200231857001000","SEND","231,857","1","1","Outbound - Airport Rd","Outbound - Airport Rd","2026-05-26T13:29:07Z","Error","2026-05-26T13:29:48Z","ERROR","SEND_OVERRIDE_AVAILABLE|Outbound would exceed staged quantity. Staged Qty: 0; Current Outbound Qty: 0; Attempted Outbound Qty: 1",
"20260526_093048_34248605_Outbound_Airport_Rd_Intake_Scanning_Test_(version_1)_xl_JP54GX3_299064","DL_2026_04_01","BARCODE","T200231857001000","SEND","231,857","1","1","Outbound - Airport Rd","Outbound - Airport Rd","2026-05-26T13:30:50Z","Done","2026-05-26T13:30:59Z","OK","Partial 1/4 | Indian Trail Bay: 17--12","__OVERRIDE_SEND_STAGING__"
"20260526_102843_37723555_Staging_Airport_Rd_AirportRd_Heavy_Staging(NEW)_xlsm_CKCFXB4_300381","DL_2026_05_28","BARCODE","T200234015002000","STAGING","234,015","2","1","Staging - Airport Rd","Staging - Airport Rd","2026-05-26T14:28:47Z","Done","2026-05-26T14:29:06Z","OK","OK",
"20260526_103012_37812512_Staging_Airport_Rd_AirportRd_Heavy_Staging(NEW)_xlsm_CKCFXB4_324500","DL_2026_05_28","BARCODE","T200234020001000","STAGING","234,020","1","1","Staging - Airport Rd","Staging - Airport Rd","2026-05-26T14:30:17Z","Done","2026-05-26T14:30:25Z","OK","OK",
"20260526_103517_38117551_Staging_Airport_Rd_AirportRd_Heavy_Staging(NEW)_xlsm_CKCFXB4_925968","DL_2026_05_28","BARCODE","T200234017001000","STAGING","234,017","1","1","Staging - Airport Rd","Staging - Airport Rd","2026-05-26T14:35:21Z","Done","2026-05-26T14:35:31Z","OK","OK",
"20260526_104846_38926402_Staging_Airport_Rd_AirportRd_Heavy_Staging(NEW)_xlsm_CKCFXB4_576732","DL_2026_05_29","BARCODE","T200234079001000","STAGING","234,079","1","1","Staging - Airport Rd","Staging - Airport Rd","2026-05-26T14:48:50Z","Done","2026-05-26T17:33:39Z","OK","OK",
"20260526_105215_39135566_Staging_Airport_Rd_AirportRd_Heavy_Staging(NEW)_xlsm_CKCFXB4_212582","DL_2026_05_28","BARCODE","T200234011003000","STAGING","234,011","3","1","Staging - Airport Rd","Staging - Airport Rd","2026-05-26T14:52:20Z","Done","2026-05-26T14:52:34Z","OK","OK",
"20260526_105935_39575059_Staging_Airport_Rd_AirportRd_Heavy_Staging(NEW)_xlsm_CKCFXB4_001503","DL_2026_05_27","BARCODE","T200233953001000","STAGING","233,953","1","1","Staging - Airport Rd","Staging - Airport Rd","2026-05-26T14:59:40Z","Done","2026-05-26T15:00:03Z","OK","OK",
"20260526_110407_39847426_Staging_Airport_Rd_AirportRd_Heavy_Staging(NEW)_xlsm_CKCFXB4_569752","DL_2026_05_29","SNAPSHOT",,"STAGING","0","0","0","Staging - Airport Rd","Staging - Airport Rd","2026-05-26T15:04:07Z","Done","2026-05-26T17:33:42Z","OK","Snapshot published for Staging - Airport Rd. Revision: 20260526_131022_47422367","STAGING_AIRPORT_RD"
"20260526_110607_39967816_Staging_Airport_Rd_AirportRd_Heavy_Staging(NEW)_xlsm_CKCFXB4_210552","DL_2026_05_29","BARCODE","T200234079001000","STAGING","234,079","1","1","Staging - Airport Rd","Staging - Airport Rd","2026-05-26T15:06:12Z","Error","2026-05-26T17:33:47Z","ERROR","Already fully staged (1 / 1) for Order 234079 / Item 001",
"20260526_110651_40011816_Staging_Airport_Rd_AirportRd_Heavy_Staging(NEW)_xlsm_CKCFXB4_948752","DL_2026_05_29","BARCODE","T200234075001000","STAGING","234,075","1","1","Staging - Airport Rd","Staging - Airport Rd","2026-05-26T15:06:56Z","Done","2026-05-26T17:33:50Z","OK","OK",
"20260526_114120_42080078_Staging_Airport_Rd_AirportRd_Heavy_Staging(NEW)_xlsm_CKCFXB4_456737","DL_2026_05_28","BARCODE","T200234005002000","STAGING","234,005","2","1","Staging - Airport Rd","Staging - Airport Rd","2026-05-26T15:41:24Z","Done","2026-05-26T15:41:45Z","OK","OK",
"20260526_114133_42093516_Staging_Airport_Rd_AirportRd_Heavy_Staging(NEW)_xlsm_CKCFXB4_587592","DL_2026_05_28","BARCODE","T200234010002000","STAGING","234,010","2","1","Staging - Airport Rd","Staging - Airport Rd","2026-05-26T15:41:38Z","Done","2026-05-26T15:41:48Z","OK","OK",
"20260526_130002_46802688_Staging_Airport_Rd_AirportRd_Heavy_Staging(NEW)_xlsm_CKCFXB4_398274","DL_2026_05_28","SNAPSHOT",,"STAGING","0","0","0","Staging - Airport Rd","Staging - Airport Rd","2026-05-26T17:00:03Z","Done","2026-05-26T17:00:14Z","OK","Snapshot published for Staging - Airport Rd. Revision: 20260521_154227_56547094","STAGING_AIRPORT_RD"
"20260526_130120_46880188_Staging_Airport_Rd_AirportRd_Heavy_Staging(NEW)_xlsm_CKCFXB4_424099","DL_2026_05_29","SNAPSHOT",,"STAGING","0","0","0","Staging - Airport Rd","Staging - Airport Rd","2026-05-26T17:01:20Z","Done","2026-05-26T17:33:56Z","OK","Snapshot published for Staging - Airport Rd. Revision: 20260526_131022_47422367","STAGING_AIRPORT_RD"
"20260526_131036_47436098_Staging_Airport_Rd_AirportRd_Heavy_Staging(NEW)_xlsm_CKCFXB4_091595","DL_2026_05_28","BARCODE","T200234015001000","STAGING","234,015","1","1","Staging - Airport Rd","Staging - Airport Rd","2026-05-26T17:10:40Z","Done","2026-05-26T17:11:02Z","OK","OK",
"20260526_140449_50689070_Staging_Airport_Rd_AirportRd_Heavy_Staging(NEW)_xlsm_CKCFXB4_828284","DL_2026_05_29","BARCODE","T200234076002000","STAGING","234,076","2","1","Staging - Airport Rd","Staging - Airport Rd","2026-05-26T18:04:54Z","Done","2026-05-26T18:05:06Z","OK","OK",
"20260526_140449_50689348_Staging_Airport_Rd_AirportRd_Heavy_Staging(NEW)_xlsm_CKCFXB4_748967","DL_2026_05_29","BARCODE","T200234077001000","STAGING","234,077","1","1","Staging - Airport Rd","Staging - Airport Rd","2026-05-26T18:04:55Z","Done","2026-05-26T18:05:10Z","OK","OK",
"20260526_140527_50727605_Staging_Airport_Rd_AirportRd_Heavy_Staging(NEW)_xlsm_CKCFXB4_479992","DL_2026_05_29","BARCODE","T200234077003000","STAGING","234,077","3","1","Staging - Airport Rd","Staging - Airport Rd","2026-05-26T18:05:42Z","Done","2026-05-26T18:06:00Z","OK","OK",
"20260526_140531_50731781_Staging_Airport_Rd_AirportRd_Heavy_Staging(NEW)_xlsm_CKCFXB4_620993","DL_2026_05_29","BARCODE","T200234073002000","STAGING","234,073","2","1","Staging - Airport Rd","Staging - Airport Rd","2026-05-26T18:05:43Z","Done","2026-05-26T18:06:04Z","OK","OK",
"20260526_140533_50733754_Staging_Airport_Rd_AirportRd_Heavy_Staging(NEW)_xlsm_CKCFXB4_180807","DL_2026_05_29","BARCODE","T200234074001000","STAGING","234,074","1","1","Staging - Airport Rd","Staging - Airport Rd","2026-05-26T18:05:44Z","Done","2026-05-26T18:06:08Z","OK","OK",
"20260526_140537_50737898_Staging_Airport_Rd_AirportRd_Heavy_Staging(NEW)_xlsm_CKCFXB4_492579","DL_2026_05_29","BARCODE","T200234079002000","STAGING","234,079","2","1","Staging - Airport Rd","Staging - Airport Rd","2026-05-26T18:05:45Z","Done","2026-05-26T18:06:16Z","OK","OK",
"20260526_140655_50815590_Staging_Airport_Rd_AirportRd_Heavy_Staging(NEW)_xlsm_CKCFXB4_188275","DL_2026_05_29","BARCODE","T200234075002000","STAGING","234,075","2","1","Staging - Airport Rd","Staging - Airport Rd","2026-05-26T18:07:02Z","Done","2026-05-26T18:07:14Z","OK","OK",
"20260526_140657_50817008_Staging_Airport_Rd_AirportRd_Heavy_Staging(NEW)_xlsm_CKCFXB4_056220","DL_2026_05_29","BARCODE","T200234076001000","STAGING","234,076","1","1","Staging - Airport Rd","Staging - Airport Rd","2026-05-26T18:07:03Z","Done","2026-05-26T18:07:18Z","OK","OK",
"20260526_140710_50830328_Staging_Airport_Rd_AirportRd_Heavy_Staging(NEW)_xlsm_CKCFXB4_951713","DL_2026_05_29","BARCODE","T200234073001000","STAGING","234,073","1","1","Staging - Airport Rd","Staging - Airport Rd","2026-05-26T18:07:15Z","Done","2026-05-26T18:07:56Z","OK","OK",
"20260526_140854_50934207_Staging_Airport_Rd_AirportRd_Heavy_Staging(NEW)_xlsm_CKCFXB4_740649","DL_2026_05_29","BARCODE","T200234080002000","STAGING","234,080","2","1","Staging - Airport Rd","Staging - Airport Rd","2026-05-26T18:08:58Z","Done","2026-05-26T18:09:27Z","OK","OK",
"20260526_140854_50934500_Staging_Airport_Rd_AirportRd_Heavy_Staging(NEW)_xlsm_CKCFXB4_133454","DL_2026_05_29","BARCODE","T200234080001000","STAGING","234,080","1","1","Staging - Airport Rd","Staging - Airport Rd","2026-05-26T18:09:00Z","Done","2026-05-26T18:09:31Z","OK","OK",
"20260526_141138_51098844_Staging_Airport_Rd_AirportRd_Heavy_Staging(NEW)_xlsm_CKCFXB4_076990","DL_2026_05_29","BARCODE","T200234077002000","STAGING","234,077","2","1","Staging - Airport Rd","Staging - Airport Rd","2026-05-26T18:11:43Z","Done","2026-05-26T18:11:51Z","OK","OK",
"20260528_074246_27766389_Staging_Airport_Rd_AirportRd_Heavy_Staging(NEW)_xlsm_CKCFXB4_468105","DL_2026_06_01","BARCODE","T200234109002000","STAGING","234,109","2","1","Staging - Airport Rd","Staging - Airport Rd","2026-05-28T11:42:54Z","Done","2026-05-28T11:42:59Z","OK","OK",
"20260528_074246_27766686_Staging_Airport_Rd_AirportRd_Heavy_Staging(NEW)_xlsm_CKCFXB4_336311","DL_2026_06_01","BARCODE","T200234110002000","STAGING","234,110","2","1","Staging - Airport Rd","Staging - Airport Rd","2026-05-28T11:42:56Z","Done","2026-05-28T11:43:20Z","OK","OK",
"20260528_074247_27767703_Staging_Airport_Rd_AirportRd_Heavy_Staging(NEW)_xlsm_CKCFXB4_712452","DL_2026_06_01","BARCODE","T200234112003000","STAGING","234,112","3","1","Staging - Airport Rd","Staging - Airport Rd","2026-05-28T11:42:57Z","Done","2026-05-28T11:43:23Z","OK","OK",
"20260528_074250_27770568_Staging_Airport_Rd_AirportRd_Heavy_Staging(NEW)_xlsm_CKCFXB4_483227","DL_2026_06_01","BARCODE","T200234112002000","STAGING","234,112","2","1","Staging - Airport Rd","Staging - Airport Rd","2026-05-28T11:42:58Z","Done","2026-05-28T11:43:27Z","OK","OK",
"20260528_074442_27882180_Staging_Airport_Rd_AirportRd_Heavy_Staging(NEW)_xlsm_CKCFXB4_487250","DL_2026_06_01","BARCODE","T200234111001000","STAGING","234,111","1","1","Staging - Airport Rd","Staging - Airport Rd","2026-05-28T11:44:47Z","Done","2026-05-28T11:45:04Z","OK","OK",
"20260528_074451_27891977_Staging_Airport_Rd_AirportRd_Heavy_Staging(NEW)_xlsm_CKCFXB4_866368","DL_2026_06_01","BARCODE","T200234110001000","STAGING","234,110","1","1","Staging - Airport Rd","Staging - Airport Rd","2026-05-28T11:44:57Z","Done","2026-05-28T11:45:07Z","OK","OK",
"20260528_074507_27907154_Staging_Airport_Rd_AirportRd_Heavy_Staging(NEW)_xlsm_CKCFXB4_540522","DL_2026_06_01","BARCODE","T200234109001000","STAGING","234,109","1","1","Staging - Airport Rd","Staging - Airport Rd","2026-05-28T11:45:11Z","Done","2026-05-28T11:45:29Z","OK","OK",
"20260528_074602_27962137_Staging_Airport_Rd_AirportRd_Heavy_Staging(NEW)_xlsm_CKCFXB4_838009","DL_2026_06_01","BARCODE","T200234109003000","STAGING","234,109","3","1","Staging - Airport Rd","Staging - Airport Rd","2026-05-28T11:46:06Z","Done","2026-05-28T11:46:24Z","OK","OK",
"20260528_074628_27988934_Staging_Airport_Rd_AirportRd_Heavy_Staging(NEW)_xlsm_CKCFXB4_871527","DL_2026_06_01","SNAPSHOT",,"STAGING","0","0","0","Staging - Airport Rd","Staging - Airport Rd","2026-05-28T11:46:29Z","Done","2026-05-28T11:46:43Z","OK","Snapshot published for Staging - Airport Rd. Revision: 20260527_113738_41858121","STAGING_AIRPORT_RD"
"20260528_074727_28047551_Staging_Airport_Rd_AirportRd_Heavy_Staging(NEW)_xlsm_CKCFXB4_083519","DL_2026_06_01","BARCODE","T200234111002000","STAGING","234,111","2","1","Staging - Airport Rd","Staging - Airport Rd","2026-05-28T11:47:31Z","Done","2026-05-28T11:47:39Z","OK","OK",
"20260528_080647_29207354_Staging_Airport_Rd_AirportRd_Heavy_Staging(NEW)_xlsm_CKCFXB4_722766","DL_2026_06_02","BARCODE","T200234155001000","STAGING","234,155","1","1","Staging - Airport Rd","Staging - Airport Rd","2026-05-28T12:06:52Z","Done","2026-05-28T12:07:05Z","OK","OK",
"20260528_080703_29223574_Staging_Airport_Rd_AirportRd_Heavy_Staging(NEW)_xlsm_CKCFXB4_629547","DL_2026_06_02","BARCODE","T200234150003000","STAGING","234,150","3","1","Staging - Airport Rd","Staging - Airport Rd","2026-05-28T12:07:08Z","Done","2026-05-28T12:07:23Z","OK","OK",
"20260528_080719_29239354_Staging_Airport_Rd_AirportRd_Heavy_Staging(NEW)_xlsm_CKCFXB4_889413","DL_2026_06_02","BARCODE","T200234140002000","STAGING","234,140","2","1","Staging - Airport Rd","Staging - Airport Rd","2026-05-28T12:07:24Z","Done","2026-05-28T12:07:41Z","OK","OK",
"20260528_081430_29670072_Staging_Airport_Rd_AirportRd_Heavy_Staging(NEW)_xlsm_CKCFXB4_268812","DL_2026_06_02","BARCODE","T200234152001000","STAGING","234,152","1","1","Staging - Airport Rd","Staging - Airport Rd","2026-05-28T12:14:35Z","Done","2026-05-28T12:14:41Z","OK","OK",
"20260528_081442_29682572_Staging_Airport_Rd_AirportRd_Heavy_Staging(NEW)_xlsm_CKCFXB4_973816","DL_2026_06_02","BARCODE","T200234150001000","STAGING","234,150","1","1","Staging - Airport Rd","Staging - Airport Rd","2026-05-28T12:14:47Z","Done","2026-05-28T12:15:00Z","OK","OK",
"20260528_081459_29699160_Staging_Airport_Rd_AirportRd_Heavy_Staging(NEW)_xlsm_CKCFXB4_940880","DL_2026_06_02","BARCODE","T200234153001000","STAGING","234,153","1","1","Staging - Airport Rd","Staging - Airport Rd","2026-05-28T12:15:05Z","Done","2026-05-28T12:15:17Z","OK","OK",
"20260528_082155_30115326_Staging_Airport_Rd_AirportRd_Heavy_Staging(NEW)_xlsm_CKCFXB4_147492","DL_2026_06_02","BARCODE","T200234159001000","STAGING","234,159","1","1","Staging - Airport Rd","Staging - Airport Rd","2026-05-28T12:22:00Z","Done","2026-05-28T12:22:08Z","OK","OK",
"20260528_082345_30225254_Staging_Airport_Rd_AirportRd_Heavy_Staging(NEW)_xlsm_CKCFXB4_710991","DL_2026_06_02","MANUAL",,"STAGING","234,142","1","1","Staging - Airport Rd","Staging - Airport Rd","2026-05-28T12:23:49Z","Done","2026-05-28T12:24:22Z","OK","Manual scan complete.","Manual"
"20260528_082903_30543273_Staging_Airport_Rd_AirportRd_Heavy_Staging(NEW)_xlsm_CKCFXB4_754411","DL_2026_06_02","BARCODE","T200234147002000","STAGING","234,147","2","1","Staging - Airport Rd","Staging - Airport Rd","2026-05-28T12:29:07Z","Done","2026-05-28T12:29:16Z","OK","OK",
"20260528_082912_30552721_Staging_Airport_Rd_AirportRd_Heavy_Staging(NEW)_xlsm_CKCFXB4_146871","DL_2026_06_02","BARCODE","T200234141001000","STAGING","234,141","1","1","Staging - Airport Rd","Staging - Airport Rd","2026-05-28T12:29:17Z","Done","2026-05-28T12:29:36Z","OK","OK",
"20260528_083644_31004361_Staging_Airport_Rd_AirportRd_Heavy_Staging(NEW)_xlsm_CKCFXB4_166302","DL_2026_06_02","BARCODE","T200234144002000","STAGING","234,144","2","1","Staging - Airport Rd","Staging - Airport Rd","2026-05-28T12:36:49Z","Done","2026-05-28T12:37:03Z","OK","OK",
"20260528_083656_31016484_Staging_Airport_Rd_AirportRd_Heavy_Staging(NEW)_xlsm_CKCFXB4_778158","DL_2026_06_02","BARCODE","T200234141002000","STAGING","234,141","2","1","Staging - Airport Rd","Staging - Airport Rd","2026-05-28T12:37:00Z","Done","2026-05-28T12:37:22Z","OK","OK",
"20260528_084454_31494684_Staging_Airport_Rd_AirportRd_Heavy_Staging(NEW)_xlsm_CKCFXB4_150245","DL_2026_06_02","BARCODE","T200234159002000","STAGING","234,159","2","1","Staging - Airport Rd","Staging - Airport Rd","2026-05-28T12:44:59Z","Done","2026-05-28T12:45:17Z","OK","OK",
"20260528_084503_31503215_Staging_Airport_Rd_AirportRd_Heavy_Staging(NEW)_xlsm_CKCFXB4_982548","DL_2026_06_02","BARCODE","T200234153002000","STAGING","234,153","2","1","Staging - Airport Rd","Staging - Airport Rd","2026-05-28T12:45:13Z","Done","2026-05-28T12:45:23Z","OK","OK",
"20260528_084508_31508146_Staging_Airport_Rd_AirportRd_Heavy_Staging(NEW)_xlsm_CKCFXB4_365123","DL_2026_06_02","BARCODE","T200234149001000","STAGING","234,149","1","1","Staging - Airport Rd","Staging - Airport Rd","2026-05-28T12:45:14Z","Done","2026-05-28T12:45:42Z","OK","OK",
"20260528_085226_31946324_Staging_Airport_Rd_AirportRd_Heavy_Staging(NEW)_xlsm_CKCFXB4_349236","DL_2026_06_02","BARCODE","T200234143001000","STAGING","234,143","1","1","Staging - Airport Rd","Staging - Airport Rd","2026-05-28T12:52:31Z","Done","2026-05-28T12:52:41Z","OK","OK",
"20260528_085244_31964189_Staging_Airport_Rd_AirportRd_Heavy_Staging(NEW)_xlsm_CKCFXB4_847351","DL_2026_06_02","BARCODE","T200234144001000","STAGING","234,144","1","1","Staging - Airport Rd","Staging - Airport Rd","2026-05-28T12:52:52Z","Done","2026-05-28T12:53:00Z","OK","OK",
"20260528_085247_31967863_Staging_Airport_Rd_AirportRd_Heavy_Staging(NEW)_xlsm_CKCFXB4_853921","DL_2026_06_02","BARCODE","T200234145003000","STAGING","234,145","3","1","Staging - Airport Rd","Staging - Airport Rd","2026-05-28T12:52:53Z","Done","2026-05-28T12:53:03Z","OK","OK",
"20260528_090111_32471111_Staging_Airport_Rd_AirportRd_Heavy_Staging(NEW)_xlsm_CKCFXB4_600661","DL_2026_06_02","MANUAL",,"STAGING","234,142","2","1","Staging - Airport Rd","Staging - Airport Rd","2026-05-28T13:01:15Z","Done","2026-05-28T13:01:43Z","OK","Manual scan complete.","Manual"
"20260528_090120_32480674_Staging_Airport_Rd_AirportRd_Heavy_Staging(NEW)_xlsm_CKCFXB4_106384","DL_2026_06_02","BARCODE","T200234147001000","STAGING","234,147","1","1","Staging - Airport Rd","Staging - Airport Rd","2026-05-28T13:01:26Z","Done","2026-05-28T13:01:47Z","OK","OK",
"20260528_090716_32836289_Staging_Airport_Rd_AirportRd_Heavy_Staging(NEW)_xlsm_CKCFXB4_178602","DL_2026_06_02","BARCODE","T200234148002000","STAGING","234,148","2","1","Staging - Airport Rd","Staging - Airport Rd","2026-05-28T13:07:21Z","Done","2026-05-28T13:07:36Z","OK","OK",
"20260528_090724_32844020_Staging_Airport_Rd_AirportRd_Heavy_Staging(NEW)_xlsm_CKCFXB4_000978","DL_2026_06_02","BARCODE","T200234150002000","STAGING","234,150","2","1","Staging - Airport Rd","Staging - Airport Rd","2026-05-28T13:07:28Z","Done","2026-05-28T13:07:40Z","OK","OK",
"20260528_091518_33318930_Staging_Airport_Rd_AirportRd_Heavy_Staging(NEW)_xlsm_CKCFXB4_575796","DL_2026_06_02","BARCODE","T200234151001000","STAGING","234,151","1","1","Staging - Airport Rd","Staging - Airport Rd","2026-05-28T13:15:22Z","Done","2026-05-28T13:15:35Z","OK","OK",
"20260528_091529_33329992_Staging_Airport_Rd_AirportRd_Heavy_Staging(NEW)_xlsm_CKCFXB4_860543","DL_2026_06_02","BARCODE","T200234161002000","STAGING","234,161","2","1","Staging - Airport Rd","Staging - Airport Rd","2026-05-28T13:15:39Z","Done","2026-05-28T13:15:54Z","OK","OK",
"20260528_091535_33335199_Staging_Airport_Rd_AirportRd_Heavy_Staging(NEW)_xlsm_CKCFXB4_642378","DL_2026_06_02","BARCODE","T200234143003000","STAGING","234,143","3","1","Staging - Airport Rd","Staging - Airport Rd","2026-05-28T13:15:40Z","Done","2026-05-28T13:15:58Z","OK","OK",
"20260528_092320_33800211_Staging_Airport_Rd_AirportRd_Heavy_Staging(NEW)_xlsm_CKCFXB4_968717","DL_2026_06_02","BARCODE","T200234160003000","STAGING","234,160","3","1","Staging - Airport Rd","Staging - Airport Rd","2026-05-28T13:23:24Z","Done","2026-05-28T13:23:39Z","OK","OK",
"20260528_101145_36705129_Staging_Airport_Rd_AirportRd_Heavy_Staging(NEW)_xlsm_CKCFXB4_632279","DL_2026_06_02","MANUAL",,"STAGING","234,143","2","1","Staging - Airport Rd","Staging - Airport Rd","2026-05-28T14:11:49Z","Done","2026-05-28T14:12:03Z","OK","Manual scan complete.","Manual"
"20260528_102538_37538309_Staging_Airport_Rd_AirportRd_Heavy_Staging(NEW)_xlsm_CKCFXB4_698142","DL_2026_06_02","BARCODE","T200234160001000","STAGING","234,160","1","1","Staging - Airport Rd","Staging - Airport Rd","2026-05-28T14:25:43Z","Done","2026-05-28T14:25:51Z","OK","OK",
"20260528_103311_37991812_Staging_Airport_Rd_AirportRd_Heavy_Staging(NEW)_xlsm_CKCFXB4_401570","DL_2026_06_02","BARCODE","T200234144003000","STAGING","234,144","3","1","Staging - Airport Rd","Staging - Airport Rd","2026-05-28T14:33:16Z","Done","2026-05-28T14:33:42Z","OK","OK",
"20260528_104014_38414980_Staging_Airport_Rd_AirportRd_Heavy_Staging(NEW)_xlsm_CKCFXB4_673017","DL_2026_06_02","BARCODE","T200234152002000","STAGING","234,152","2","1","Staging - Airport Rd","Staging - Airport Rd","2026-05-28T14:40:18Z","Done","2026-05-28T14:40:38Z","OK","OK",
"20260528_104026_38426465_Staging_Airport_Rd_AirportRd_Heavy_Staging(NEW)_xlsm_CKCFXB4_430542","DL_2026_06_02","BARCODE","T200234154001000","STAGING","234,154","1","1","Staging - Airport Rd","Staging - Airport Rd","2026-05-28T14:40:30Z","Done","2026-05-28T14:40:42Z","OK","OK",
"20260528_104051_38451160_Staging_Airport_Rd_AirportRd_Heavy_Staging(NEW)_xlsm_CKCFXB4_929528","DL_2026_06_02","COMMENT",,"STAGING","234,142","1","0","Staging - Airport Rd","Staging - Airport Rd","2026-05-28T14:40:51Z","Done","2026-05-28T14:40:59Z","OK","Comment synced.","Manual"
"20260528_104101_38461996_Staging_Airport_Rd_AirportRd_Heavy_Staging(NEW)_xlsm_CKCFXB4_150602","DL_2026_06_02","COMMENT",,"STAGING","234,142","2","0","Staging - Airport Rd","Staging - Airport Rd","2026-05-28T14:41:02Z","Done","2026-05-28T14:41:17Z","OK","Comment synced.","Manual"
"20260528_104119_38479844_Staging_Airport_Rd_AirportRd_Heavy_Staging(NEW)_xlsm_CKCFXB4_437578","DL_2026_06_02","COMMENT",,"STAGING","234,143","2","0","Staging - Airport Rd","Staging - Airport Rd","2026-05-28T14:41:20Z","Done","2026-05-28T14:41:34Z","OK","Comment synced.","Manual"
"20260528_104748_38868949_Staging_Airport_Rd_AirportRd_Heavy_Staging(NEW)_xlsm_CKCFXB4_516277","DL_2026_06_02","BARCODE","T200234156002000","STAGING","234,156","2","1","Staging - Airport Rd","Staging - Airport Rd","2026-05-28T14:47:53Z","Done","2026-05-28T14:48:15Z","OK","OK",
"20260528_104802_38882445_Staging_Airport_Rd_AirportRd_Heavy_Staging(NEW)_xlsm_CKCFXB4_157783","DL_2026_06_02","BARCODE","T200234148001000","STAGING","234,148","1","1","Staging - Airport Rd","Staging - Airport Rd","2026-05-28T14:48:07Z","Done","2026-05-28T14:48:18Z","OK","OK",
"20260528_104823_38903125_Staging_Airport_Rd_AirportRd_Heavy_Staging(NEW)_xlsm_CKCFXB4_827931","DL_2026_06_02","BARCODE","T200234146001000","STAGING","234,146","1","1","Staging - Airport Rd","Staging - Airport Rd","2026-05-28T14:48:28Z","Done","2026-05-28T14:48:36Z","OK","OK",
"20260528_105544_39344629_Staging_Airport_Rd_AirportRd_Heavy_Staging(NEW)_xlsm_CKCFXB4_071484","DL_2026_06_02","BARCODE","T200234140001000","STAGING","234,140","1","1","Staging - Airport Rd","Staging - Airport Rd","2026-05-28T14:55:48Z","Done","2026-05-28T14:55:58Z","OK","OK",
"20260528_105558_39358020_Staging_Airport_Rd_AirportRd_Heavy_Staging(NEW)_xlsm_CKCFXB4_571341","DL_2026_06_02","BARCODE","T200234160002000","STAGING","234,160","2","1","Staging - Airport Rd","Staging - Airport Rd","2026-05-28T14:56:02Z","Done","2026-05-28T14:56:17Z","OK","OK",
"20260528_110128_39688582_Staging_Airport_Rd_AirportRd_Heavy_Staging(NEW)_xlsm_CKCFXB4_110937","DL_2026_06_02","BARCODE","T200234152002000","STAGING","234,152","2","1","Staging - Airport Rd","Staging - Airport Rd","2026-05-28T15:01:33Z","Error","2026-05-28T15:01:40Z","ERROR","Already fully staged (1 / 1) for Order 234152 / Item 002",
"20260528_110401_39841867_Staging_Airport_Rd_AirportRd_Heavy_Staging(NEW)_xlsm_CKCFXB4_515833","DL_2026_06_02","BARCODE","T200234157001000","STAGING","234,157","1","1","Staging - Airport Rd","Staging - Airport Rd","2026-05-28T15:04:06Z","Done","2026-05-28T15:04:49Z","OK","OK",
"20260528_110413_39853785_Staging_Airport_Rd_AirportRd_Heavy_Staging(NEW)_xlsm_CKCFXB4_240032","DL_2026_06_02","BARCODE","T200234156001000","STAGING","234,156","1","1","Staging - Airport Rd","Staging - Airport Rd","2026-05-28T15:04:18Z","Done","2026-05-28T15:04:52Z","OK","OK",
"20260528_110430_39870145_Staging_Airport_Rd_AirportRd_Heavy_Staging(NEW)_xlsm_CKCFXB4_340933","DL_2026_06_02","BARCODE","T200234152002000","STAGING","234,152","2","1","Staging - Airport Rd","Staging - Airport Rd","2026-05-28T15:04:35Z","Error","2026-05-28T15:04:54Z","ERROR","Already fully staged (1 / 1) for Order 234152 / Item 002",
"20260528_111142_40302129_Staging_Airport_Rd_AirportRd_Heavy_Staging(NEW)_xlsm_CKCFXB4_201485","DL_2026_06_02","BARCODE","T200234151002000","STAGING","234,151","2","1","Staging - Airport Rd","Staging - Airport Rd","2026-05-28T15:11:46Z","Done","2026-05-28T15:11:57Z","OK","OK",
"20260528_112639_41199039_Staging_Airport_Rd_AirportRd_Heavy_Staging(NEW)_xlsm_CKCFXB4_613620","DL_2026_06_02","BARCODE","T200234163001000","STAGING","234,163","1","1","Staging - Airport Rd","Staging - Airport Rd","2026-05-28T15:26:44Z","Done","2026-05-28T15:26:58Z","OK","OK",
"20260528_112705_41225176_Staging_Airport_Rd_AirportRd_Heavy_Staging(NEW)_xlsm_CKCFXB4_232651","DL_2026_06_02","BARCODE","T200234146003000","STAGING","234,146","3","1","Staging - Airport Rd","Staging - Airport Rd","2026-05-28T15:27:09Z","Done","2026-05-28T15:27:16Z","OK","OK",
"20260528_113354_41634383_Staging_Airport_Rd_AirportRd_Heavy_Staging(NEW)_xlsm_CKCFXB4_018900","DL_2026_06_02","BARCODE","T200234165002000","STAGING","234,165","2","1","Staging - Airport Rd","Staging - Airport Rd","2026-05-28T15:33:59Z","Done","2026-05-28T15:34:15Z","OK","OK",
"20260528_113418_41658242_Staging_Airport_Rd_AirportRd_Heavy_Staging(NEW)_xlsm_CKCFXB4_085692","DL_2026_06_02","BARCODE","T200234163002000","STAGING","234,163","2","1","Staging - Airport Rd","Staging - Airport Rd","2026-05-28T15:34:22Z","Done","2026-05-28T15:34:33Z","OK","OK",
"20260528_114406_42246156_Staging_Airport_Rd_AirportRd_Heavy_Staging(NEW)_xlsm_CKCFXB4_446549","DL_2026_06_02","COMMENT",,"STAGING","234,152","2","0","Staging - Airport Rd","Staging - Airport Rd","2026-05-28T15:44:06Z","Done","2026-05-28T15:45:13Z","OK","Comment synced.","Already fully staged (1 / 1) for Order 234152 / Item 002"
"20260528_114513_42313367_Staging_Airport_Rd_AirportRd_Heavy_Staging(NEW)_xlsm_CKCFXB4_826988","DL_2026_06_02","COMMENT",,"STAGING","234,152","2","0","Staging - Airport Rd","Staging - Airport Rd","2026-05-28T15:45:13Z","Done","2026-05-28T15:45:33Z","OK","Comment synced.","Already fully staged (1 / 1) for Order 234152 / Item 002"
"20260528_115005_42605508_Staging_Airport_Rd_AirportRd_Heavy_Staging(NEW)_xlsm_CKCFXB4_882340","DL_2026_06_01","BARCODE","T200234112001000","STAGING","234,112","1","1","Staging - Airport Rd","Staging - Airport Rd","2026-05-28T15:50:10Z","Done","2026-05-28T15:50:34Z","OK","OK",
"20260528_141137_51097078_Staging_Airport_Rd_AirportRd_Heavy_Staging(NEW)_xlsm_CKCFXB4_110543","DL_2026_06_02","BARCODE","T200234165001000","STAGING","234,165","1","1","Staging - Airport Rd","Staging - Airport Rd","2026-05-28T18:11:41Z","Done","2026-05-28T18:12:23Z","OK","OK",
"20260528_142017_51617227_Staging_Airport_Rd_AirportRd_Heavy_Staging(NEW)_xlsm_CKCFXB4_640062","DL_2026_06_02","BARCODE","T200234166001000","STAGING","234,166","1","1","Staging - Airport Rd","Staging - Airport Rd","2026-05-28T18:20:22Z","Done","2026-05-28T18:21:52Z","OK","OK",
"20260528_142506_51906293_Staging_Airport_Rd_AirportRd_Heavy_Staging(NEW)_xlsm_CKCFXB4_580357","DL_2026_06_02","BARCODE","T200234166002000","STAGING","234,166","2","1","Staging - Airport Rd","Staging - Airport Rd","2026-05-28T18:25:10Z","Done","2026-05-28T18:26:03Z","OK","OK",
"20260528_142523_51923379_Staging_Airport_Rd_AirportRd_Heavy_Staging(NEW)_xlsm_CKCFXB4_884258","DL_2026_06_02","BARCODE","T200234164001000","STAGING","234,164","1","1","Staging - Airport Rd","Staging - Airport Rd","2026-05-28T18:25:28Z","Done","2026-05-28T18:26:07Z","OK","OK",
